{
  "name": "Python 3.12 & Django 4.2",
  "image": "mcr.microsoft.com/devcontainers/python:3.12-bullseye",
  "features": {
    "docker-in-docker": "latest"
  },
  "postCreateCommand": "sudo apt-get update && sudo apt-get install -y redis-server && pip install -r requirements.txt",
  "customizations": {
    "vscode": {
      "extensions": [
        "ms-python.python",
        "ms-python.vscode-pylance"
      ]
    }
  },
  "portsAttributes": {
    "80": {
      "label": "Django App",
      "onAutoForward": "openBrowser"
    }
  }
}
